{"cameraMode":{"drawMode":0,"name":"Shaded","section":"Shading Mode"},"sceneLighting":true,"audioPlay":false,"sceneViewState":{"m_AlwaysRefresh":false,"showFog":true,"showSkybox":true,"showFlares":true,"showImageEffects":true,"showParticleSystems":true,"showVisualEffectGraphs":true,"m_FxEnabled":true},"in2DMode":false,"pivot":{"x":3.774143695831299,"y":-0.39520812034606936,"z":-0.15642118453979493},"rotation":{"x":0.18247206509113313,"y":-0.4621797204017639,"z":0.0977642685174942,"w":0.8623426556587219},"size":1.299038052558899,"orthographic":false}